leading_item_id,following_item_id,value
UGEQLMXM,VBYCLTYZ,310493
DBWLZWNK,VBYCLTYZ,313282
BTMOEMEP,UXSPKBJR,385983
QVLMOEYE,UXSPKBJR,384748
XIFHSOWQ,VWMBASNE,112905
BTMOEMEP,DBWLZWNK,143736
VBYCLTYZ,UXSPKBJR,390353
OGAFEHLU,DBWLZWNK,139684
DBWLZWNK,QVLMOEYE,1025067
SAHWCZNH,KEUWZRKO,322151
DNMPSKTB,OGAFEHLU,3
LRVGFDFM,OGAFEHLU,4
UIFPPCLR,GYHKIVQT,15582761
WBLJNPZQ,LRVGFDFM,5865476
WBLJNPZQ,ATLDMDBO,38003422
WBLJNPZQ,QRKRBYJL,2482510
LSOIUSXD,VUAFAIYJ,713238
EVBVXETX,WPQXWHYO,10187292
MIRCVAMV,CCLHWFWF,13794478
XUOIQPFL,OGAFEHLU,3
VBYCLTYZ,APQGTRMF,7599
ANWUJOKX,QVLMOEYE,978656
XUOIQPFL,LRVGFDFM,5998241
BSRMSVTC,LUENUFGA,3625586
XIFHSOWQ,SAHWCZNH,1922030
UXSPKBJR,IGDVVKUD,7964
HXYSSRXE,RAWUKQMJ,3731187
LRVGFDFM,XUOIQPFL,2470206
HXYSSRXE,JPBRUTWP,5464151
VWMBASNE,XIPPENFQ,97407
ELQGMQWE,AANGBULD,429229
DBWLZWNK,ANWUJOKX,1
ELQGMQWE,ZKENOUDA,329862
LUENUFGA,SAHWCZNH,1932013
KFQSHBNH,RJCAXSGH,4769444
UXSPKBJR,WQMVCOEM,15272
KEUWZRKO,XIFHSOWQ,68607
RJCAXSGH,ELQGMQWE,493112
RJCAXSGH,KFQSHBNH,9282415
APQGTRMF,JPBRUTWP,5338079
XIIEJNEE,BUZIIBYG,13103168
EVBVXETX,IGDVVKUD,8036
BTMOEMEP,ANWUJOKX,2
SAHWCZNH,XIFHSOWQ,67476
WBLJNPZQ,PYZMVUWD,1475
LTOYKIML,VUAFAIYJ,738186
BSRMSVTC,JBVHSUWY,302566
LRVGFDFM,DBWLZWNK,144303
KFQSHBNH,ELQGMQWE,492437
XUOIQPFL,DBWLZWNK,143597
QVLMOEYE,RCBZUSIM,19889
EVBVXETX,KJNSOAHR,11524591
LRVGFDFM,IGDVVKUD,7668
BTMOEMEP,UGEQLMXM,99388
ATLDMDBO,VBYCLTYZ,303945
QRKRBYJL,VBYCLTYZ,306886
QRKRBYJL,UIFPPCLR,64608
OKMBFVKS,UIFPPCLR,65185
SDWAYPIK,DBWLZWNK,142785
QRKRBYJL,APQGTRMF,6961
UXSPKBJR,APQGTRMF,6804
JPBRUTWP,APQGTRMF,7167
JPBRUTWP,VBYCLTYZ,307661
DBWLZWNK,APQGTRMF,7021
OGAFEHLU,VWMBASNE,114969
LRVGFDFM,UGEQLMXM,99204
UGEQLMXM,QVLMOEYE,1010731
EVBVXETX,FRHNWLNI,796004
CCLHWFWF,OGAFEHLU,3
FITUEHWN,SAAYMURU,12485
KJNSOAHR,RJCAXSGH,4824429
HXYSSRXE,KEUWZRKO,320712
LUENUFGA,VWMBASNE,120916
JPBRUTWP,WBLJNPZQ,137525
QVLMOEYE,OKMBFVKS,1791186
ATLDMDBO,WBLJNPZQ,134703
ATLDMDBO,UXSPKBJR,387873
EVBVXETX,NZKBIBNU,217432
BEZYMBBT,APQGTRMF,6814
SDWAYPIK,UIFPPCLR,64876
ZGJXVMNI,RJGPVEXX,505383
SDWAYPIK,VBYCLTYZ,311066
QVLMOEYE,APQGTRMF,6924
GYHKIVQT,APQGTRMF,7088
DNMPSKTB,DBWLZWNK,147108
DNMPSKTB,APQGTRMF,6982
NZKBIBNU,FRHNWLNI,798944
BJALXPFS,DNMPSKTB,4989856
XUOIQPFL,WBLJNPZQ,136226
WPQXWHYO,NZKBIBNU,213186
WBLJNPZQ,RJGPVEXX,509686
QRKRBYJL,UXSPKBJR,389176
UXSPKBJR,DBWLZWNK,141220
BTMOEMEP,WQMVCOEM,11716
BLANHGYY,AXULOHBQ,64961
CCLHWFWF,LRVGFDFM,5954680
QVLMOEYE,FRHNWLNI,810591
RCBZUSIM,ATLDMDBO,38011702
KEUWZRKO,SAHWCZNH,1902399
GYHKIVQT,QVLMOEYE,1019711
QRKRBYJL,OGAFEHLU,2
QRKRBYJL,FRHNWLNI,813199
SDWAYPIK,UXSPKBJR,387807
CCLHWFWF,LTOYKIML,330771
WBLJNPZQ,OGAFEHLU,2
VWMBASNE,LRVGFDFM,5764913
AANGBULD,VUAFAIYJ,685476
QVLMOEYE,SDWAYPIK,5322880
WBLJNPZQ,CCLHWFWF,11647373
HXYSSRXE,VWMBASNE,119208
QVLMOEYE,VWMBASNE,120003
APQGTRMF,RCBZUSIM,17177
BTMOEMEP,OGAFEHLU,3
ELQGMQWE,UIFPPCLR,69937
UIFPPCLR,ELQGMQWE,510966
VWMBASNE,CCLHWFWF,11560827
BTMOEMEP,APQGTRMF,6897
QVLMOEYE,BTMOEMEP,9612987
ZKENOUDA,AANGBULD,449570
XUOIQPFL,RAWUKQMJ,3648559
BSRMSVTC,KEUWZRKO,315756
KAGJCHMR,GKQIJYDH,5864307
RJCAXSGH,ZKENOUDA,328276
QRKRBYJL,QVLMOEYE,1008338
VBYCLTYZ,QVLMOEYE,1000766
UIFPPCLR,QVLMOEYE,1039484
JPBRUTWP,QVLMOEYE,1018879
OGAFEHLU,OKMBFVKS,1774094
SDWAYPIK,QVLMOEYE,1017623
OKMBFVKS,QVLMOEYE,1041792
CCLHWFWF,FCYBOAXC,96454482
AXULOHBQ,FDXPMYGF,2689
OJIFIHMZ,FTSVTTSR,245306
IGDVVKUD,UXSPKBJR,381795
BTMOEMEP,XUOIQPFL,2455276
ATLDMDBO,QRKRBYJL,2437516
JPBRUTWP,ATLDMDBO,38433743
GYHKIVQT,BEZYMBBT,3135655
QVLMOEYE,JPBRUTWP,5391700
VBYCLTYZ,JPBRUTWP,5352561
LRVGFDFM,SDWAYPIK,5325023
VBYCLTYZ,SDWAYPIK,5281124
XUOIQPFL,DNMPSKTB,4990941
UXSPKBJR,DNMPSKTB,5026832
OKMBFVKS,GYHKIVQT,15632381
RJGPVEXX,WPQXWHYO,10133995
QRKRBYJL,GYHKIVQT,15558738
ROACSLMG,ATLDMDBO,38391140
JPBRUTWP,OKMBFVKS,1782666
BTMOEMEP,SDWAYPIK,5265404
UXSPKBJR,SDWAYPIK,5244430
DNMPSKTB,JPBRUTWP,5381382
SDWAYPIK,BTMOEMEP,9556541
QRKRBYJL,SDWAYPIK,5233839
QRKRBYJL,BTMOEMEP,9598506
DNMPSKTB,XUOIQPFL,2500392
DBWLZWNK,GYHKIVQT,15641643
QRKRBYJL,OKMBFVKS,1779196
QVLMOEYE,BEZYMBBT,3236999
RAWUKQMJ,HXYSSRXE,4720041
QRKRBYJL,JPBRUTWP,5381018
VWMBASNE,MIRCVAMV,7466
HXYSSRXE,OGAFEHLU,2
VUAFAIYJ,CCLHWFWF,11687931
UGEQLMXM,DBWLZWNK,142094
KEUWZRKO,TANNMIMB,2
KJNSOAHR,GKQIJYDH,5879496
LSOIUSXD,VWMBASNE,115051
AXULOHBQ,BSRMSVTC,189464
ANWUJOKX,RAWUKQMJ,3583753
VUAFAIYJ,RJCAXSGH,4833212
WBLJNPZQ,XUOIQPFL,2531011
DBWLZWNK,QRKRBYJL,2479621
VBYCLTYZ,QRKRBYJL,2448916
UGEQLMXM,ANWUJOKX,1
GYHKIVQT,ATLDMDBO,37944436
WBLJNPZQ,OKMBFVKS,1798018
WBLJNPZQ,RAWUKQMJ,3704663
XUOIQPFL,BEZYMBBT,3255954
DBWLZWNK,JPBRUTWP,5391961
ROACSLMG,JPBRUTWP,5440259
DEWLVASR,ZCELVYQU,21308
QRKRBYJL,LRVGFDFM,5877618
EVBVXETX,FQCLOEXA,1821320
KJNSOAHR,QVLMOEYE,1025369
XUOIQPFL,QVLMOEYE,1007852
BTMOEMEP,LRVGFDFM,5834496
GYHKIVQT,XUOIQPFL,2478512
RAWUKQMJ,GYHKIVQT,15790319
JPBRUTWP,HXYSSRXE,4732202
XUOIQPFL,ATLDMDBO,38551192
VBYCLTYZ,ATLDMDBO,37662448
SDWAYPIK,OKMBFVKS,1796342
UIFPPCLR,ATLDMDBO,38094076
JPBRUTWP,BEZYMBBT,3224526
WPQXWHYO,EVBVXETX,4903191
QRKRBYJL,ATLDMDBO,38354765
BEZYMBBT,RAWUKQMJ,3719796
NZKBIBNU,EVBVXETX,4923463
OKMBFVKS,BEZYMBBT,3246312
VBYCLTYZ,BEZYMBBT,3184805
SDWAYPIK,GYHKIVQT,15557908
SDWAYPIK,JPBRUTWP,5431704
SAHWCZNH,WPQXWHYO,10088975
JPBRUTWP,SDWAYPIK,5335275
ATLDMDBO,XUOIQPFL,2478715
SDWAYPIK,QRKRBYJL,2470837
QVLMOEYE,ATLDMDBO,38592469
HXYSSRXE,XUOIQPFL,2514627
QRKRBYJL,ANWUJOKX,2
BTMOEMEP,OXKURKXR,105110
ATLDMDBO,IGDVVKUD,7691
SDWAYPIK,UGEQLMXM,99303
LRVGFDFM,OXKURKXR,106098
ATLDMDBO,OXKURKXR,104175
FQCLOEXA,DEWLVASR,338813
DNMPSKTB,UGEQLMXM,99192
DBWLZWNK,RCBZUSIM,18878
IGDVVKUD,BTMOEMEP,9169957
BLANHGYY,HXYSSRXE,4745263
KFQSHBNH,ZKENOUDA,328111
APQGTRMF,BTMOEMEP,9143586
ROACSLMG,VBYCLTYZ,312810
CCLHWFWF,VWMBASNE,125001
UIFPPCLR,QRKRBYJL,2456562
XUOIQPFL,UGEQLMXM,100025
EVBVXETX,ZCELVYQU,21315
SDWAYPIK,IGDVVKUD,8112
JPBRUTWP,UGEQLMXM,101938
APQGTRMF,QVLMOEYE,1013577
GYHKIVQT,LPHPPJUG,1277726
ATLDMDBO,RAWUKQMJ,3627426
SDWAYPIK,ANWUJOKX,2
EVBVXETX,DJBLNPNC,238
WBLJNPZQ,LSOIUSXD,135576
EVBVXETX,KEUWZRKO,329090
OKMBFVKS,JPBRUTWP,5437672
FCYBOAXC,WBLJNPZQ,135726
DNMPSKTB,RCBZUSIM,18869
NZKBIBNU,DEWLVASR,339040
QVLMOEYE,WQMVCOEM,13726
QRKRBYJL,IGDVVKUD,7681
DNMPSKTB,OXKURKXR,106977
QRKRBYJL,RCBZUSIM,19953
HXYSSRXE,AXULOHBQ,67598
KJNSOAHR,LRVGFDFM,5939227
UIFPPCLR,APQGTRMF,7249
FRHNWLNI,VBYCLTYZ,310115
RJGPVEXX,FITUEHWN,66341
ZKENOUDA,ZGJXVMNI,2572662
LTOYKIML,JSLXRQOK,1300
NZKBIBNU,FWUCPMMW,3057
VBYCLTYZ,OXKURKXR,106161
ATLDMDBO,RCBZUSIM,21994
LSOIUSXD,WBLJNPZQ,135427
OKMBFVKS,VWMBASNE,118471
ZCELVYQU,ELQGMQWE,493076
LPHPPJUG,DEWLVASR,333807
DNMPSKTB,VWMBASNE,120258
KFQSHBNH,KJNSOAHR,11589147
VBYCLTYZ,AXULOHBQ,68271
KJNSOAHR,ZCELVYQU,21298
UIFPPCLR,HXYSSRXE,4733855
QVLMOEYE,WBLJNPZQ,138235
UXSPKBJR,XIIEJNEE,15245
WBLJNPZQ,BTMOEMEP,9488487
OGAFEHLU,ROACSLMG,2042466
DEWLVASR,ZGJXVMNI,2587176
QVLMOEYE,AXULOHBQ,60826
RJCAXSGH,KJNSOAHR,11593857
OGAFEHLU,UXSPKBJR,380741
LRVGFDFM,LSOIUSXD,134737
JPBRUTWP,RCBZUSIM,17900
ELQGMQWE,JSLXRQOK,1297
DNMPSKTB,PYZMVUWD,1892
HXYSSRXE,SUOYXCHP,130
LPHPPJUG,NZKBIBNU,213840
GYHKIVQT,JBVHSUWY,301300
OGAFEHLU,VBYCLTYZ,285428
LRVGFDFM,VWMBASNE,118543
XUOIQPFL,VWMBASNE,120540
DEWLVASR,WPQXWHYO,10071323
JBVHSUWY,SDWAYPIK,5260254
LRVGFDFM,VBYCLTYZ,302259
ZKENOUDA,VUAFAIYJ,738186
UXSPKBJR,XUOIQPFL,2514702
UXSPKBJR,FRHNWLNI,811944
JBVHSUWY,VMAQSTJE,16082
UXSPKBJR,RAWUKQMJ,3642711
DNMPSKTB,VBYCLTYZ,302339
SDWAYPIK,QJQJSWFU,115844
JERHKLYW,TGOELCAG,546180
JPBRUTWP,BTMOEMEP,9583630
XUOIQPFL,XIIEJNEE,14761
GYHKIVQT,VWMBASNE,120779
EVBVXETX,BLANHGYY,7522
RAWUKQMJ,AXULOHBQ,66331
LRVGFDFM,JPBRUTWP,5382438
BEZYMBBT,UIFPPCLR,64518
LRVGFDFM,UXSPKBJR,387857
XUOIQPFL,UXSPKBJR,389958
UGEQLMXM,VWMBASNE,118855
FQCLOEXA,ZKENOUDA,331140
VBYCLTYZ,DNMPSKTB,4984626
VMAQSTJE,OGAFEHLU,1
GYHKIVQT,UIFPPCLR,63730
EVBVXETX,SAHWCZNH,1941612
XUOIQPFL,VBYCLTYZ,313036
DNMPSKTB,WBLJNPZQ,137871
APQGTRMF,QRKRBYJL,2476693
QKXNTIIB,JSLXRQOK,1300
TANNMIMB,JBVHSUWY,304173
OKMBFVKS,RCBZUSIM,20263
QVLMOEYE,IGDVVKUD,7611
ZCELVYQU,RJCAXSGH,4849619
SDWAYPIK,VWMBASNE,120858
BTMOEMEP,VBYCLTYZ,301842
FQCLOEXA,NZKBIBNU,216071
RAWUKQMJ,BJALXPFS,142580
BLANHGYY,OGAFEHLU,0
BEZYMBBT,JPBRUTWP,5415623
ATLDMDBO,APQGTRMF,7100
WPQXWHYO,SAHWCZNH,1937878
OGAFEHLU,QSDCUCLB,4
ZGJXVMNI,VUAFAIYJ,741351
GKQIJYDH,KFQSHBNH,9219952
QVLMOEYE,XUOIQPFL,2516778
UXSPKBJR,VBYCLTYZ,308469
KJNSOAHR,KFQSHBNH,9310078
CCLHWFWF,DBWLZWNK,141454
GYHKIVQT,BSRMSVTC,197240
RJCAXSGH,DEWLVASR,337046
OGAFEHLU,OXKURKXR,103006
KJNSOAHR,FCYBOAXC,96659884
OGAFEHLU,QJQJSWFU,114075
DBWLZWNK,OXKURKXR,105341
VBYCLTYZ,FRHNWLNI,807532
OKMBFVKS,BTMOEMEP,9588150
NZKBIBNU,ZKENOUDA,332381
HXYSSRXE,ATLDMDBO,38577268
ANWUJOKX,SDWAYPIK,5304073
FTSVTTSR,FQCLOEXA,1813704
XIFHSOWQ,XIPPENFQ,85996
ELQGMQWE,KJNSOAHR,11490892
XIIEJNEE,FRHNWLNI,785201
KEUWZRKO,VWMBASNE,118688
DBWLZWNK,FRHNWLNI,801016
XUOIQPFL,JPBRUTWP,5332403
UIFPPCLR,SDWAYPIK,5249422
RAWUKQMJ,KEUWZRKO,324265
LUENUFGA,WPQXWHYO,10138486
HXYSSRXE,SAHWCZNH,1942723
XIIEJNEE,DBWLZWNK,146327
JPBRUTWP,JBVHSUWY,296937
HCDTGMST,ZGJXVMNI,2487290
LSOIUSXD,XUOIQPFL,2483092
GYHKIVQT,KEUWZRKO,321581
QVLMOEYE,DNMPSKTB,5036143
DNMPSKTB,ATLDMDBO,38222694
FQCLOEXA,EVBVXETX,4940122
OKMBFVKS,SDWAYPIK,5309364
UXSPKBJR,JPBRUTWP,5328575
VUAFAIYJ,VWMBASNE,123287
WBLJNPZQ,VUAFAIYJ,742063
NZKBIBNU,JSLXRQOK,1283
APQGTRMF,BEZYMBBT,3053542
UXSPKBJR,RCBZUSIM,16367
SAHWCZNH,LUENUFGA,3636994
BTMOEMEP,OKMBFVKS,1776550
RAWUKQMJ,DNMPSKTB,4965880
UIFPPCLR,XUOIQPFL,2466183
HXYSSRXE,SDWAYPIK,5214283
SDWAYPIK,RAWUKQMJ,3637596
KEUWZRKO,LUENUFGA,3654201
XIFHSOWQ,LUENUFGA,3668036
NZKBIBNU,ELQGMQWE,498454
TANNMIMB,SAHWCZNH,1896523
UXSPKBJR,QVLMOEYE,1026080
ZGJXVMNI,FQCLOEXA,1809355
ATLDMDBO,OGAFEHLU,2
QJQJSWFU,VWMBASNE,120083
ELQGMQWE,ZXERAXWP,28017
WPQXWHYO,XIFHSOWQ,70157
GYHKIVQT,DNMPSKTB,4995326
SDWAYPIK,WBLJNPZQ,137957
UXSPKBJR,ANWUJOKX,1
ATLDMDBO,QVLMOEYE,1013520
FRHNWLNI,DNMPSKTB,5019442
KJNSOAHR,QRKRBYJL,2470430
XUOIQPFL,SDWAYPIK,5205870
NZKBIBNU,KEUWZRKO,327542
IGDVVKUD,LRVGFDFM,5864054
JPBRUTWP,QRKRBYJL,2502893
RJCAXSGH,AANGBULD,445836
HCDTGMST,LUENUFGA,3641770
AXULOHBQ,DNMPSKTB,5083679
BTMOEMEP,JPBRUTWP,5373027
KFQSHBNH,ZXERAXWP,25381
NZKBIBNU,WPQXWHYO,10143985
QSDCUCLB,DBWLZWNK,129901
VBYCLTYZ,BJALXPFS,145490
VUAFAIYJ,ZCELVYQU,21315
XIFHSOWQ,MIRCVAMV,7444
UGEQLMXM,HXYSSRXE,4722275
QVLMOEYE,FDXPMYGF,2322
WBLJNPZQ,SDWAYPIK,5283084
DNMPSKTB,QVLMOEYE,1017132
LRVGFDFM,QVLMOEYE,1008315
LSOIUSXD,XIFHSOWQ,67769
JPBRUTWP,OXKURKXR,107302
ZCELVYQU,ZXERAXWP,28791
ZGJXVMNI,LPHPPJUG,1258772
GYHKIVQT,WBLJNPZQ,136421
SDWAYPIK,APQGTRMF,6847
KJNSOAHR,VBYCLTYZ,310730
QRKRBYJL,WBLJNPZQ,138628
ZGJXVMNI,NZKBIBNU,218282
XUOIQPFL,APQGTRMF,6832
DNMPSKTB,UIFPPCLR,65292
LRVGFDFM,APQGTRMF,6844
OKMBFVKS,APQGTRMF,6767
JBVHSUWY,BEZYMBBT,3209591
LRVGFDFM,GYHKIVQT,15584374
LPHPPJUG,ZKENOUDA,324118
EVBVXETX,UXSPKBJR,389100
ZGJXVMNI,ZKENOUDA,316897
BJALXPFS,QVLMOEYE,1037395
LPHPPJUG,RJGPVEXX,508399
FRHNWLNI,HXYSSRXE,4738964
ZXERAXWP,RJCAXSGH,4857639
XUOIQPFL,UIFPPCLR,65311
DNMPSKTB,RAWUKQMJ,3663684
ELQGMQWE,NAQIHUKZ,1
XUOIQPFL,DJBLNPNC,246
LRVGFDFM,AXULOHBQ,64842
XUOIQPFL,IGDVVKUD,7944
HXYSSRXE,TANNMIMB,2
VBYCLTYZ,ANWUJOKX,2
JBVHSUWY,UIFPPCLR,64586
DBWLZWNK,AXULOHBQ,66296
JPBRUTWP,DBWLZWNK,142831
KFQSHBNH,DEWLVASR,335514
DBWLZWNK,BTMOEMEP,9558083
DNMPSKTB,QRKRBYJL,2471308
RJCAXSGH,UIFPPCLR,70471
XUOIQPFL,OKMBFVKS,1804210
ATLDMDBO,SDWAYPIK,5303966
SDWAYPIK,BEZYMBBT,3214600
UXSPKBJR,ATLDMDBO,38529437
GYHKIVQT,HXYSSRXE,4691460
BEZYMBBT,SDWAYPIK,5346559
UXSPKBJR,BTMOEMEP,9535860
DBWLZWNK,ATLDMDBO,38698268
LRVGFDFM,BTMOEMEP,9515613
ROACSLMG,QRKRBYJL,2517351
FRHNWLNI,ATLDMDBO,38471741
LPHPPJUG,EVBVXETX,4944543
FQCLOEXA,FRHNWLNI,805702
XIPPENFQ,MIRCVAMV,7599
FRHNWLNI,UGEQLMXM,99322
SAAYMURU,SUOYXCHP,152
SDWAYPIK,RCBZUSIM,17762
AXULOHBQ,HXYSSRXE,4750698
ZKENOUDA,RJGPVEXX,505864
WPQXWHYO,RJCAXSGH,4891275
WPQXWHYO,KFQSHBNH,9326530
QVLMOEYE,GYHKIVQT,15825155
LUENUFGA,ZGJXVMNI,2585213
RCBZUSIM,AXULOHBQ,64694
CCLHWFWF,QVLMOEYE,1022173
HXYSSRXE,PLMZALFA,2
WBLJNPZQ,AXULOHBQ,65791
BEZYMBBT,GYHKIVQT,15698220
SUOYXCHP,KEUWZRKO,316852
SAHWCZNH,NZKBIBNU,218717
OKMBFVKS,ZXERAXWP,31434
PLMZALFA,VWMBASNE,115196
ROACSLMG,APQGTRMF,7058
OGAFEHLU,QVLMOEYE,951475
RJGPVEXX,ZKENOUDA,326758
QVLMOEYE,HXYSSRXE,4749009
GYHKIVQT,SDWAYPIK,5340230
LLHREMKS,RJCAXSGH,4922341
ZGJXVMNI,WPQXWHYO,10200088
LRVGFDFM,RCBZUSIM,17954
FRHNWLNI,UXSPKBJR,385654
VUAFAIYJ,LLHREMKS,57309
DNMPSKTB,ANWUJOKX,2
EVBVXETX,RCBZUSIM,17347
XIIEJNEE,QRKRBYJL,2430596
GYHKIVQT,SAHWCZNH,1893100
RJCAXSGH,GYHKIVQT,15716054
RJCAXSGH,OKMBFVKS,1826803
BTMOEMEP,GYHKIVQT,15668430
QRKRBYJL,BEZYMBBT,3236078
LRVGFDFM,QRKRBYJL,2480680
LRVGFDFM,OKMBFVKS,1800859
DNMPSKTB,BTMOEMEP,9552282
HXYSSRXE,DNMPSKTB,4993109
JPBRUTWP,RAWUKQMJ,3700718
UIFPPCLR,BEZYMBBT,3233305
UXSPKBJR,QRKRBYJL,2493318
DNMPSKTB,HXYSSRXE,4776709
HXYSSRXE,QVLMOEYE,1033195
OKMBFVKS,ELQGMQWE,510181
VUAFAIYJ,APQGTRMF,7141
JBVHSUWY,KJNSOAHR,11482472
PYZMVUWD,XIFHSOWQ,66167
WQMVCOEM,FDXPMYGF,2189
RJCAXSGH,APQGTRMF,7351
FWUCPMMW,FRHNWLNI,787772
QRKRBYJL,BLANHGYY,7142
LUENUFGA,XIPPENFQ,95760
VWMBASNE,PLMZALFA,2
BJALXPFS,RCBZUSIM,17352
RAWUKQMJ,UGEQLMXM,100930
QRKRBYJL,BJALXPFS,144100
DNMPSKTB,AXULOHBQ,66781
QRKRBYJL,AXULOHBQ,61212
DNMPSKTB,SDWAYPIK,5237169
ATLDMDBO,OKMBFVKS,1801123
DNMPSKTB,IGDVVKUD,7948
BTMOEMEP,LPHPPJUG,1268298
QRKRBYJL,RAWUKQMJ,3630177
XUOIQPFL,GYHKIVQT,15788067
ATLDMDBO,JPBRUTWP,5358021
BTMOEMEP,QRKRBYJL,2483845
BEZYMBBT,DNMPSKTB,5093955
JPBRUTWP,GYHKIVQT,15626285
SDWAYPIK,HXYSSRXE,4742012
KFQSHBNH,OKMBFVKS,1798969
DEWLVASR,FTSVTTSR,237144
RCBZUSIM,BTMOEMEP,9175475
FRHNWLNI,IGDVVKUD,7804
QVLMOEYE,BJALXPFS,144822
DBWLZWNK,BLANHGYY,6855
QJQJSWFU,QVLMOEYE,1027791
RJCAXSGH,ZXERAXWP,27975
QVLMOEYE,ANWUJOKX,2
ZGJXVMNI,DDEXPPXU,10506
XUOIQPFL,QRKRBYJL,2469769
VUAFAIYJ,ELQGMQWE,498390
KEUWZRKO,RJGPVEXX,511308
VBYCLTYZ,RCBZUSIM,16264
TANNMIMB,LUENUFGA,3656185
DBWLZWNK,HXYSSRXE,4773262
FRHNWLNI,BJALXPFS,142670
NZKBIBNU,SAHWCZNH,1945901
BSRMSVTC,PYZMVUWD,1602
OKMBFVKS,RJGPVEXX,515474
KFQSHBNH,GYHKIVQT,15581123
BTMOEMEP,IGDVVKUD,7873
HXYSSRXE,XIFHSOWQ,69226
KJNSOAHR,IGDVVKUD,7618
SDWAYPIK,AXULOHBQ,66831
EVBVXETX,AXULOHBQ,68240
RJGPVEXX,EVBVXETX,4948746
OXKURKXR,QVLMOEYE,1028354
BEZYMBBT,OKMBFVKS,1796841
BTMOEMEP,ATLDMDBO,37746252
QRKRBYJL,HXYSSRXE,4684062
LPHPPJUG,WPQXWHYO,10137659
HXYSSRXE,GYHKIVQT,15858203
QRKRBYJL,XUOIQPFL,2495942
OGAFEHLU,XUOIQPFL,2465933
UGEQLMXM,LRVGFDFM,5842277
LTOYKIML,RUVXNNVA,1
DNMPSKTB,BEZYMBBT,3249240
LRVGFDFM,ANWUJOKX,1
QVLMOEYE,BLANHGYY,7424
MBSBZBXA,QSDCUCLB,2
ZGJXVMNI,AANGBULD,442533
QRKRBYJL,UGEQLMXM,101012
DBWLZWNK,DUCMGGNW,723235
ELQGMQWE,WBLJNPZQ,137284
KFQSHBNH,AANGBULD,432006
BTMOEMEP,QVLMOEYE,1022243
WBLJNPZQ,DBWLZWNK,142730
XUOIQPFL,RCBZUSIM,18063
JPBRUTWP,UIFPPCLR,64716
XIPPENFQ,AHMDUILJ,94351
RJCAXSGH,ZCELVYQU,21321
JPBRUTWP,XUOIQPFL,2515986
FQCLOEXA,WPQXWHYO,10221431
LRVGFDFM,DNMPSKTB,4923796
ATLDMDBO,GYHKIVQT,15460759
BUZIIBYG,WPQXWHYO,10055973
UGEQLMXM,UXSPKBJR,388215
RCBZUSIM,QVLMOEYE,1019142
BEZYMBBT,QVLMOEYE,1039047
WBLJNPZQ,QVLMOEYE,1036955
LPHPPJUG,AHMDUILJ,92559
ATLDMDBO,DNMPSKTB,4973673
ANWUJOKX,DUCMGGNW,728446
APQGTRMF,XUOIQPFL,2526274
ATLDMDBO,BLANHGYY,7256
QSDCUCLB,QVLMOEYE,1008765
RJGPVEXX,VWMBASNE,123250
FQCLOEXA,ZCELVYQU,21312
WHPUAOID,XIIEJNEE,14585
RJGPVEXX,RJCAXSGH,4873945
ZGJXVMNI,WBLJNPZQ,137766
OKMBFVKS,AXULOHBQ,67518
QRKRBYJL,WQMVCOEM,15113
GYHKIVQT,AXULOHBQ,67133
DNMPSKTB,VMAQSTJE,16100
VBYCLTYZ,WQMVCOEM,15866
QRKRBYJL,OXKURKXR,105532
VBYCLTYZ,UGEQLMXM,101218
WPQXWHYO,ZKENOUDA,331514
UIFPPCLR,RJCAXSGH,4888083
OKMBFVKS,KFQSHBNH,9386504
OKMBFVKS,RJCAXSGH,4915397
OGAFEHLU,QRKRBYJL,2306870
VBYCLTYZ,XUOIQPFL,2526584
ZGJXVMNI,KJNSOAHR,11661332
OKMBFVKS,ATLDMDBO,38716986
NZKBIBNU,KJNSOAHR,11611393
BEZYMBBT,QRKRBYJL,2511030
VBYCLTYZ,GYHKIVQT,15891022
RJGPVEXX,KJNSOAHR,11613899
QRKRBYJL,DNMPSKTB,5011771
BTMOEMEP,DNMPSKTB,5050137
DBWLZWNK,OKMBFVKS,1787705
RJGPVEXX,NAQIHUKZ,2
ZCELVYQU,BLANHGYY,7111
VBYCLTYZ,RAWUKQMJ,3711266
GYHKIVQT,OKMBFVKS,1807931
SDWAYPIK,DNMPSKTB,4980545
XUOIQPFL,LSOIUSXD,136475
XUOIQPFL,LPHPPJUG,1284708
FRHNWLNI,BLANHGYY,7057
AXULOHBQ,OGAFEHLU,1
EVBVXETX,VBYCLTYZ,308317
JPBRUTWP,DNMPSKTB,5080068
VUAFAIYJ,LSOIUSXD,135924
LRVGFDFM,ROACSLMG,2057215
DEWLVASR,KFQSHBNH,9226477
ROACSLMG,ANWUJOKX,2
DEWLVASR,KJNSOAHR,11544775
APQGTRMF,RAWUKQMJ,3650546
UIFPPCLR,KFQSHBNH,9339042
FITUEHWN,RCBZUSIM,20887
NAQIHUKZ,ZCELVYQU,21347
MBSBZBXA,JERHKLYW,3047
DBWLZWNK,DJBLNPNC,258
DEWLVASR,RJCAXSGH,4792880
PLMZALFA,XIPPENFQ,91374
BLANHGYY,PLMZALFA,0
ROACSLMG,XUOIQPFL,2523879
SDWAYPIK,KFQSHBNH,9358467
GYHKIVQT,KFQSHBNH,9278009
JPBRUTWP,RJCAXSGH,4914307
BJALXPFS,SDWAYPIK,5294020
QVLMOEYE,BSRMSVTC,198841
FTSVTTSR,GKQIJYDH,5913472
SDWAYPIK,XUOIQPFL,2477356
QVLMOEYE,RAWUKQMJ,3668537
OKMBFVKS,DNMPSKTB,5088974
VBYCLTYZ,OKMBFVKS,1820050
ATLDMDBO,HXYSSRXE,4775250
SDWAYPIK,ATLDMDBO,38598317
UIFPPCLR,OKMBFVKS,1822900
XUOIQPFL,BTMOEMEP,9597638
BEZYMBBT,ATLDMDBO,38454943
LRVGFDFM,ATLDMDBO,38820838
UXSPKBJR,GYHKIVQT,15665792
EVBVXETX,QRKRBYJL,2529257
WPQXWHYO,KJNSOAHR,11568543
DBWLZWNK,RAWUKQMJ,3709020
ZGJXVMNI,EVBVXETX,4947906
GYHKIVQT,JPBRUTWP,5458083
DNMPSKTB,GYHKIVQT,15618827
BTMOEMEP,FRHNWLNI,808745
APQGTRMF,GYHKIVQT,15559795
APQGTRMF,ATLDMDBO,38168220
HXYSSRXE,UGEQLMXM,98517
SAHWCZNH,MIRCVAMV,7663
KEUWZRKO,XIPPENFQ,98307
DBWLZWNK,IGDVVKUD,7816
OXKURKXR,RAWUKQMJ,3705773
AXULOHBQ,LUENUFGA,3534131
WBLJNPZQ,GYHKIVQT,15821408
UGEQLMXM,OKMBFVKS,1796448
QSDCUCLB,ANWUJOKX,1
PLMZALFA,TANNMIMB,2
OXKURKXR,SDWAYPIK,5323479
IGDVVKUD,DNMPSKTB,5068371
LSOIUSXD,UIFPPCLR,66799
XIIEJNEE,LRVGFDFM,5842396
GKQIJYDH,YSYHGLQK,968
BJALXPFS,GYHKIVQT,15652585
LRVGFDFM,BUZIIBYG,13066613
OGAFEHLU,APQGTRMF,7229
ZGJXVMNI,DEWLVASR,337339
JPBRUTWP,AXULOHBQ,66260
WBLJNPZQ,UGEQLMXM,98553
RJCAXSGH,BLANHGYY,6698
VUAFAIYJ,UGEQLMXM,111376
OXKURKXR,HXYSSRXE,4590801
BSRMSVTC,RJGPVEXX,508663
RJGPVEXX,XIFHSOWQ,69229
XUOIQPFL,HXYSSRXE,4789948
OGAFEHLU,JPBRUTWP,5311328
APQGTRMF,SDWAYPIK,5338595
KAGJCHMR,DDEXPPXU,11031
BLANHGYY,BJALXPFS,143618
SDWAYPIK,LSOIUSXD,133421
CCLHWFWF,UGEQLMXM,98772
OXKURKXR,QRKRBYJL,2514773
GYHKIVQT,OGAFEHLU,2
FTSVTTSR,KFQSHBNH,9327387
RJGPVEXX,FRHNWLNI,806871
QJQJSWFU,UXSPKBJR,386615
DEWLVASR,EVBVXETX,4997936
OGAFEHLU,SDWAYPIK,5221578
RAWUKQMJ,XIFHSOWQ,68619
LPHPPJUG,HXYSSRXE,4785084
LSOIUSXD,DUCMGGNW,725617
RJGPVEXX,DEWLVASR,340507
DEWLVASR,ELQGMQWE,486809
EVBVXETX,DNMPSKTB,5031534
LUENUFGA,EVBVXETX,4939467
UGEQLMXM,DNMPSKTB,5046461
CCLHWFWF,FWUCPMMW,2809
IGDVVKUD,QVLMOEYE,1009899
STZDBITS,OJIFIHMZ,1964439
UGEQLMXM,OXKURKXR,104037
UXSPKBJR,SAHWCZNH,1931639
PYZMVUWD,MIRCVAMV,7622
GYHKIVQT,VMAQSTJE,16292
SAHWCZNH,XIPPENFQ,97932
DNMPSKTB,XIFHSOWQ,69127
DNMPSKTB,QJQJSWFU,117308
ATLDMDBO,UGEQLMXM,100523
ELQGMQWE,DEWLVASR,339527
KJNSOAHR,UGEQLMXM,100164
VWMBASNE,GIKPEWTY,1
RCBZUSIM,XUOIQPFL,2519990
ROACSLMG,DJBLNPNC,251
FRHNWLNI,QVLMOEYE,1028476
LPHPPJUG,AXULOHBQ,68460
XUOIQPFL,KJNSOAHR,11528729
XIIEJNEE,UXSPKBJR,386358
BLANHGYY,KEUWZRKO,314031
AANGBULD,RJCAXSGH,4688467
OGAFEHLU,IGDVVKUD,7969
FQCLOEXA,SAHWCZNH,1946852
VUAFAIYJ,ZXERAXWP,27952
BLANHGYY,SAHWCZNH,1892493
BTMOEMEP,BLANHGYY,7112
KJNSOAHR,ZXERAXWP,28124
NAQIHUKZ,RJCAXSGH,4818917
ZCELVYQU,FDXPMYGF,2031
AANGBULD,FTSVTTSR,229513
XUOIQPFL,ZGJXVMNI,2609056
PYZMVUWD,LUENUFGA,3632615
OGAFEHLU,RJGPVEXX,510776
AXULOHBQ,XIFHSOWQ,65052
ZGJXVMNI,JBVHSUWY,308922
QSDCUCLB,FRHNWLNI,792663
LPHPPJUG,JSLXRQOK,1281
GYHKIVQT,ZGJXVMNI,2591071
ZGJXVMNI,LTOYKIML,333965
ZKENOUDA,DEWLVASR,333690
APQGTRMF,HXYSSRXE,4713994
QRKRBYJL,ZGJXVMNI,2611744
DNMPSKTB,ZGJXVMNI,2611438
ZGJXVMNI,OGAFEHLU,1
LUENUFGA,RAWUKQMJ,3737584
UGEQLMXM,AXULOHBQ,66177
QRKRBYJL,LSOIUSXD,134893
SNHYOVBM,FDXPMYGF,2065
LUENUFGA,KJNSOAHR,11463798
OJIFIHMZ,RUVXNNVA,1
MBSBZBXA,TGOELCAG,603597
BJALXPFS,KEUWZRKO,323558
OGAFEHLU,FRHNWLNI,793909
WBLJNPZQ,ZKENOUDA,338266
APQGTRMF,FDXPMYGF,2125
RJGPVEXX,SDWAYPIK,5270385
ANWUJOKX,AXULOHBQ,64569
RJGPVEXX,GYHKIVQT,15652306
UGEQLMXM,DUCMGGNW,727637
LPHPPJUG,AANGBULD,405490
EVBVXETX,BJALXPFS,144301
OGAFEHLU,BTMOEMEP,9693512
OGAFEHLU,ATLDMDBO,37117150
OGAFEHLU,BEZYMBBT,3207901
FDXPMYGF,SAHWCZNH,1905357
LRVGFDFM,LPHPPJUG,1283681
FQCLOEXA,TANNMIMB,1
LUENUFGA,ATLDMDBO,38119661
BSRMSVTC,EVBVXETX,4937421
AXULOHBQ,XUOIQPFL,2533193
WBLJNPZQ,AANGBULD,423962
WBLJNPZQ,XIFHSOWQ,67905
ZGJXVMNI,ATLDMDBO,38318553
OXKURKXR,APQGTRMF,7227
ELQGMQWE,XUOIQPFL,2560515
KFQSHBNH,FWUCPMMW,3029
KFQSHBNH,LSOIUSXD,134626
KFQSHBNH,BLANHGYY,7142
KFQSHBNH,YSYHGLQK,1186
RJCAXSGH,LSOIUSXD,129663
MIRCVAMV,NZKBIBNU,214108
GYHKIVQT,ZXERAXWP,32159
RAWUKQMJ,DEWLVASR,342155
ZGJXVMNI,DNMPSKTB,5151174
ELQGMQWE,BEZYMBBT,3282234
ELQGMQWE,SDWAYPIK,5292492
PLMZALFA,XIFHSOWQ,66036
QSDCUCLB,QRKRBYJL,2434370
LLHREMKS,ZCELVYQU,21282
YSYHGLQK,LPHPPJUG,1234559
GIKPEWTY,TGOELCAG,616500
BEZYMBBT,DEWLVASR,338370
XUOIQPFL,DEWLVASR,342098
UIFPPCLR,DEWLVASR,341818
GYHKIVQT,AANGBULD,384729
JPBRUTWP,DEWLVASR,339943
KEUWZRKO,MIRCVAMV,7606
ATLDMDBO,LPHPPJUG,1252431
ZGJXVMNI,HXYSSRXE,4826409
GYHKIVQT,KJNSOAHR,11449941
NZKBIBNU,XIFHSOWQ,69754
SDWAYPIK,DEWLVASR,342116
DEWLVASR,ZKENOUDA,328046
RJGPVEXX,SAHWCZNH,1933786
XUOIQPFL,ZKENOUDA,341475
UIFPPCLR,ZKENOUDA,343458
ZGJXVMNI,PYZMVUWD,1679
EVBVXETX,XIFHSOWQ,70267
OKMBFVKS,ZKENOUDA,342526
UGEQLMXM,ROACSLMG,2066886
HXYSSRXE,JBVHSUWY,301471
BTMOEMEP,WBLJNPZQ,135831
AANGBULD,RUVXNNVA,1
FDXPMYGF,PYZMVUWD,1311
FRHNWLNI,LRVGFDFM,5937094
SAHWCZNH,ZGJXVMNI,2573740
JBVHSUWY,SUOYXCHP,148
AHMDUILJ,JPBRUTWP,5339121
APQGTRMF,RJCAXSGH,4871240
ELQGMQWE,FITUEHWN,66493
RCBZUSIM,FRHNWLNI,802856
ZXERAXWP,FITUEHWN,71472
XIFHSOWQ,WPQXWHYO,10094249
LRVGFDFM,FRHNWLNI,805413
AANGBULD,LLHREMKS,55852
TANNMIMB,MIRCVAMV,7616
BJALXPFS,PLMZALFA,2
JPBRUTWP,ELQGMQWE,508599
DEWLVASR,APQGTRMF,7438
AHMDUILJ,WPQXWHYO,10115182
XIFHSOWQ,EVBVXETX,4940158
BEZYMBBT,YSYHGLQK,1313
BEZYMBBT,RCBZUSIM,17063
FRHNWLNI,LPHPPJUG,1280106
APQGTRMF,KFQSHBNH,9277829
HXYSSRXE,BJALXPFS,143095
KFQSHBNH,VBYCLTYZ,302827
HXYSSRXE,UIFPPCLR,63671
VMAQSTJE,LUENUFGA,3689446
KJNSOAHR,BTMOEMEP,9569798
FTSVTTSR,ZCELVYQU,21316
SDWAYPIK,FQCLOEXA,1853367
ROACSLMG,WQMVCOEM,14618
ROACSLMG,GYHKIVQT,15756340
QRKRBYJL,LPHPPJUG,1265566
BEZYMBBT,KFQSHBNH,9304936
AHMDUILJ,BUZIIBYG,13256860
LSOIUSXD,BLANHGYY,6990
GYHKIVQT,NZKBIBNU,217414
QVLMOEYE,LPHPPJUG,1280106
HXYSSRXE,LPHPPJUG,1286358
DBWLZWNK,BJALXPFS,145689
BEZYMBBT,RJCAXSGH,4879418
UGEQLMXM,APQGTRMF,6765
GIKPEWTY,OGAFEHLU,2
OGAFEHLU,ZGJXVMNI,2586285
DEWLVASR,OGAFEHLU,2
MIRCVAMV,DBWLZWNK,143849
CCLHWFWF,JSLXRQOK,1291
VBYCLTYZ,ELQGMQWE,509077
VBYCLTYZ,LPHPPJUG,1272530
JPBRUTWP,FQCLOEXA,1854365
ZKENOUDA,ELQGMQWE,498430
XIIEJNEE,APQGTRMF,7160
DNMPSKTB,FQCLOEXA,1865649
QRKRBYJL,FQCLOEXA,1862342
SDWAYPIK,LPHPPJUG,1284777
DNMPSKTB,RJGPVEXX,513789
QVLMOEYE,ELQGMQWE,508700
RJGPVEXX,PYZMVUWD,1529
KAGJCHMR,FQCLOEXA,1828982
BLANHGYY,LPHPPJUG,1268710
AANGBULD,ZKENOUDA,324748
FQCLOEXA,XIPPENFQ,97579
JPBRUTWP,LPHPPJUG,1287544
HXYSSRXE,FQCLOEXA,1840707
AXULOHBQ,KEUWZRKO,316795
PYZMVUWD,UIFPPCLR,63122
OGAFEHLU,MIRCVAMV,7732
DEWLVASR,DNMPSKTB,5130278
DEWLVASR,SDWAYPIK,5261551
RCBZUSIM,RAWUKQMJ,3656300
RAWUKQMJ,WPQXWHYO,10078647
HXYSSRXE,EVBVXETX,4885789
GKQIJYDH,UQYUIVVR,4533575
DDEXPPXU,NZKBIBNU,215054
LSOIUSXD,XIPPENFQ,95835
OXKURKXR,ATLDMDBO,38245033
BJALXPFS,UGEQLMXM,102338
LLHREMKS,VBYCLTYZ,308610
SAHWCZNH,FRHNWLNI,815263
ROACSLMG,WBLJNPZQ,136070
DEWLVASR,LUENUFGA,3703883
APQGTRMF,AXULOHBQ,67448
ATLDMDBO,FQCLOEXA,1846634
DEWLVASR,JPBRUTWP,5424603
ZGJXVMNI,SAHWCZNH,1945585
UGEQLMXM,JPBRUTWP,5382872
ATLDMDBO,BSRMSVTC,191481
KAGJCHMR,RJGPVEXX,506581
RAWUKQMJ,RJGPVEXX,517207
ZGJXVMNI,NAQIHUKZ,1
RAWUKQMJ,FQCLOEXA,1849708
AXULOHBQ,QJQJSWFU,116999
WBLJNPZQ,FQCLOEXA,1845227
SAHWCZNH,AXULOHBQ,68553
RJCAXSGH,YSYHGLQK,1127
CCLHWFWF,VBYCLTYZ,302936
KJNSOAHR,RCBZUSIM,19916
ATLDMDBO,FDXPMYGF,2338
ELQGMQWE,HXYSSRXE,4789537
AANGBULD,ZCELVYQU,21250
ANWUJOKX,FDXPMYGF,2132
ZKENOUDA,KFQSHBNH,9247230
ZCELVYQU,LSOIUSXD,133525
GYHKIVQT,EVBVXETX,4909600
LPHPPJUG,KEUWZRKO,327269
FDXPMYGF,KEUWZRKO,319734
BLANHGYY,PYZMVUWD,1535
HXYSSRXE,WPQXWHYO,10206003
UXSPKBJR,KEUWZRKO,327166
LLHREMKS,BLANHGYY,7088
KFQSHBNH,APQGTRMF,7524
BJALXPFS,QRKRBYJL,2481377
DBWLZWNK,ELQGMQWE,506592
IGDVVKUD,XUOIQPFL,2501440
ZGJXVMNI,KEUWZRKO,330394
UXSPKBJR,ZGJXVMNI,2599232
AANGBULD,KFQSHBNH,9324126
LSOIUSXD,MIRCVAMV,7732
HXYSSRXE,NZKBIBNU,220026
PYZMVUWD,LSOIUSXD,129016
QSDCUCLB,UXSPKBJR,386299
XUOIQPFL,RJGPVEXX,509778
AHMDUILJ,QRKRBYJL,2501195
SDWAYPIK,ZGJXVMNI,2608803
KFQSHBNH,UQYUIVVR,4710938
GYHKIVQT,FQCLOEXA,1836948
UGEQLMXM,RAWUKQMJ,3682584
HXYSSRXE,RJGPVEXX,506622
OGAFEHLU,LPHPPJUG,1288881
DNMPSKTB,ELQGMQWE,508977
VWMBASNE,ZXERAXWP,32551
ELQGMQWE,GYHKIVQT,15525872
NZKBIBNU,LUENUFGA,3677844
OKMBFVKS,DEWLVASR,341669
OGAFEHLU,AXULOHBQ,67153
JPBRUTWP,ZGJXVMNI,2610776
GYHKIVQT,LUENUFGA,3661305
LSOIUSXD,GYHKIVQT,15662191
RJGPVEXX,LUENUFGA,3679527
SAHWCZNH,EVBVXETX,4953949
BJALXPFS,XIFHSOWQ,66184
WQMVCOEM,BJALXPFS,144977
BJALXPFS,WBLJNPZQ,137180
PYZMVUWD,XIPPENFQ,95155
FQCLOEXA,KEUWZRKO,330630
ZGJXVMNI,VBYCLTYZ,317301
GYHKIVQT,ELQGMQWE,508946
OXKURKXR,JPBRUTWP,5421456
BJALXPFS,OGAFEHLU,2
SDWAYPIK,ELQGMQWE,514773
ZCELVYQU,BJALXPFS,145009
DNMPSKTB,LPHPPJUG,1288654
AHMDUILJ,QVLMOEYE,1041529
ZKENOUDA,RJCAXSGH,4904856
GYHKIVQT,RJGPVEXX,514142
ANWUJOKX,DJBLNPNC,253
RAWUKQMJ,ZGJXVMNI,2609580
KAGJCHMR,JSLXRQOK,1307
SDWAYPIK,ZKENOUDA,339512
SAHWCZNH,WQMVCOEM,13506
MBSBZBXA,AHMDUILJ,93785
JERHKLYW,VUAFAIYJ,729469
ZKENOUDA,KJNSOAHR,11591665
UGEQLMXM,QRKRBYJL,2503852
FQCLOEXA,RJCAXSGH,4861833
ZGJXVMNI,UQYUIVVR,4716675
HXYSSRXE,ZGJXVMNI,2598204
APQGTRMF,DEWLVASR,339980
KEUWZRKO,EVBVXETX,4930359
OKMBFVKS,KJNSOAHR,11567983
ZGJXVMNI,XUOIQPFL,2572977
WPQXWHYO,LUENUFGA,3686740
QJQJSWFU,OKMBFVKS,1798262
VUAFAIYJ,UIFPPCLR,69841
XIPPENFQ,ZGJXVMNI,2579598
ZCELVYQU,WBLJNPZQ,140601
AXULOHBQ,SAHWCZNH,1914910
GYHKIVQT,RJCAXSGH,4916257
SDWAYPIK,RJCAXSGH,4946780
DNMPSKTB,RJCAXSGH,4916184
DNMPSKTB,KFQSHBNH,9418865
IGDVVKUD,ATLDMDBO,37944979
WQMVCOEM,AXULOHBQ,64819
FITUEHWN,KJNSOAHR,11443376
RJGPVEXX,VBYCLTYZ,275883
ZGJXVMNI,SDWAYPIK,5309978
EVBVXETX,MIRCVAMV,7898
MIRCVAMV,ZGJXVMNI,2551621
DDEXPPXU,FTSVTTSR,238683
RCBZUSIM,GYHKIVQT,15618474
TGOELCAG,JERHKLYW,2930
XUOIQPFL,RJCAXSGH,4944738
OXKURKXR,IGDVVKUD,7005
EVBVXETX,LUENUFGA,3719122
ATLDMDBO,DEWLVASR,338635
HXYSSRXE,DEWLVASR,341997
UGEQLMXM,ATLDMDBO,38551438
BJALXPFS,XUOIQPFL,2519075
BEZYMBBT,KJNSOAHR,11533823
WPQXWHYO,XIPPENFQ,96292
OXKURKXR,AXULOHBQ,65633
ZGJXVMNI,QRKRBYJL,2561317
OXKURKXR,ANWUJOKX,2
FTSVTTSR,RJCAXSGH,4856111
ZKENOUDA,GKQIJYDH,5945935
ZKENOUDA,EVBVXETX,4935722
UGEQLMXM,GYHKIVQT,15693746
UGEQLMXM,XUOIQPFL,2501466
FQCLOEXA,XIFHSOWQ,69229
RCBZUSIM,DNMPSKTB,4978580
RCBZUSIM,QRKRBYJL,2520436
ANWUJOKX,ATLDMDBO,37760221
LPHPPJUG,DNMPSKTB,5124633
ZGJXVMNI,BEZYMBBT,3301068
WPQXWHYO,MIRCVAMV,8106
VUAFAIYJ,XIPPENFQ,98063
HXYSSRXE,ZKENOUDA,340366
RJGPVEXX,XIPPENFQ,98401
ATLDMDBO,BJALXPFS,136757
ZKENOUDA,FQCLOEXA,1826151
OXKURKXR,OKMBFVKS,1789396
BTMOEMEP,AXULOHBQ,67154
JBVHSUWY,ZKENOUDA,343306
SDWAYPIK,AANGBULD,461048
GYHKIVQT,ZKENOUDA,337967
UXSPKBJR,LPHPPJUG,1273129
OXKURKXR,GYHKIVQT,15743552
QRKRBYJL,AANGBULD,435492
JPBRUTWP,ZXERAXWP,30960
EVBVXETX,XIPPENFQ,98166
SAHWCZNH,KJNSOAHR,11447033
ZKENOUDA,ZXERAXWP,27395
BTMOEMEP,ZKENOUDA,339043
DNMPSKTB,ZXERAXWP,30958
NZKBIBNU,XIPPENFQ,98437
ZGJXVMNI,UGEQLMXM,110473
QVLMOEYE,ZKENOUDA,340026
ATLDMDBO,ZKENOUDA,340594
SDWAYPIK,ZXERAXWP,29934
BJALXPFS,QJQJSWFU,115934
JSLXRQOK,RJCAXSGH,4906357
QVLMOEYE,FQCLOEXA,1843604
SDWAYPIK,VMAQSTJE,15458
OGAFEHLU,WBLJNPZQ,139240
RCBZUSIM,JPBRUTWP,5434884
RCBZUSIM,HXYSSRXE,4769463
OXKURKXR,XUOIQPFL,2523059
RAWUKQMJ,NZKBIBNU,221457
DEWLVASR,UIFPPCLR,69832
PYZMVUWD,VWMBASNE,119530
AXULOHBQ,WBLJNPZQ,138376
DEWLVASR,VMAQSTJE,15911
UGEQLMXM,RCBZUSIM,17593
OXKURKXR,DNMPSKTB,5086404
UXSPKBJR,BUZIIBYG,13164501
GYHKIVQT,FDXPMYGF,2211
XIFHSOWQ,NZKBIBNU,219078
AANGBULD,FITUEHWN,70951
IGDVVKUD,QRKRBYJL,2521830
SDWAYPIK,RJGPVEXX,511551
VUAFAIYJ,KJNSOAHR,11501436
ANWUJOKX,WBLJNPZQ,136698
DEWLVASR,VWMBASNE,120474
UGEQLMXM,BEZYMBBT,3249909
APQGTRMF,ELQGMQWE,507909
LPHPPJUG,SAHWCZNH,1947409
DEWLVASR,OKMBFVKS,1804492
SAHWCZNH,HXYSSRXE,4810542
QVLMOEYE,ZGJXVMNI,2618008
VBYCLTYZ,ZGJXVMNI,2614965
ZGJXVMNI,QVLMOEYE,1054547
ATLDMDBO,ZGJXVMNI,2601929
FWUCPMMW,GIKPEWTY,1
LUENUFGA,UGEQLMXM,111138
LRVGFDFM,VUAFAIYJ,732640
CCLHWFWF,VUAFAIYJ,739101
KFQSHBNH,BEZYMBBT,3300909
FQCLOEXA,LUENUFGA,3720392
DNMPSKTB,KJNSOAHR,11616586
RAWUKQMJ,EVBVXETX,4960341
UQYUIVVR,PLMZALFA,2
DEWLVASR,QVLMOEYE,1042068
BLANHGYY,DNMPSKTB,5032561
TANNMIMB,XIFHSOWQ,68491
RUVXNNVA,ZCELVYQU,21280
FRHNWLNI,LUENUFGA,3679527
AANGBULD,KJNSOAHR,11586178
AANGBULD,WPQXWHYO,10110526
RJGPVEXX,ZXERAXWP,28002
ZGJXVMNI,RAWUKQMJ,3727206
JPBRUTWP,IGDVVKUD,7346
UXSPKBJR,LUENUFGA,3679527
WBLJNPZQ,DEWLVASR,340303
QRKRBYJL,DEWLVASR,342100
FDXPMYGF,TGOELCAG,581261
RJCAXSGH,XUOIQPFL,2574156
KFQSHBNH,XUOIQPFL,2562028
RJCAXSGH,BEZYMBBT,3299942
SUOYXCHP,PLMZALFA,2
GIKPEWTY,PLMZALFA,1
GIKPEWTY,ZCELVYQU,21305
KAGJCHMR,AANGBULD,477935
UIFPPCLR,DUCMGGNW,716073
GYHKIVQT,WPQXWHYO,10074091
UIFPPCLR,RAWUKQMJ,3730932
SAHWCZNH,ATLDMDBO,38353176
ZGJXVMNI,OKMBFVKS,1833105
SDWAYPIK,KJNSOAHR,11542721
VWMBASNE,FCYBOAXC,97692230
DEWLVASR,GYHKIVQT,15629016
YSYHGLQK,AANGBULD,455409
DNMPSKTB,AANGBULD,469480
XIFHSOWQ,FCYBOAXC,97961422
ZGJXVMNI,GYHKIVQT,15772130
GYHKIVQT,PYZMVUWD,1581
ANWUJOKX,BJALXPFS,140550
AANGBULD,EVBVXETX,4932366
FCYBOAXC,PLMZALFA,1
DNMPSKTB,DEWLVASR,342260
GYHKIVQT,DEWLVASR,340268
VMAQSTJE,SDWAYPIK,5294590
BEZYMBBT,ZKENOUDA,342085
DNMPSKTB,ZKENOUDA,342240
QRKRBYJL,ZKENOUDA,343714
ATLDMDBO,AANGBULD,306392
VBYCLTYZ,ZKENOUDA,342333
JPBRUTWP,ZKENOUDA,344281
RAWUKQMJ,ZKENOUDA,341659
YSYHGLQK,KAGJCHMR,1945
SAHWCZNH,RCBZUSIM,26222
WQMVCOEM,DNMPSKTB,5041865
IGDVVKUD,GYHKIVQT,15746053
UIFPPCLR,ZXERAXWP,31070
UQYUIVVR,ZKENOUDA,326338
WQMVCOEM,HXYSSRXE,4805959
RUVXNNVA,AANGBULD,444186
ZXERAXWP,CCLHWFWF,11663077
APQGTRMF,ZGJXVMNI,2595951
APQGTRMF,LPHPPJUG,1277824
MBSBZBXA,QRKRBYJL,2507282
DEWLVASR,BEZYMBBT,3299701
EVBVXETX,ZGJXVMNI,2612723
LPHPPJUG,LUENUFGA,3729445
JPBRUTWP,KJNSOAHR,11531986
FCYBOAXC,LUENUFGA,3633378
AXULOHBQ,OKMBFVKS,1798345
RJGPVEXX,MIRCVAMV,7906
VWMBASNE,ZKENOUDA,333835
XIFHSOWQ,RAWUKQMJ,3673212
TANNMIMB,WPQXWHYO,9953104
AHMDUILJ,VBYCLTYZ,297854
RUVXNNVA,YSYHGLQK,1231
LPHPPJUG,OGAFEHLU,1
ANWUJOKX,RCBZUSIM,19893
ZXERAXWP,AANGBULD,422396
DEWLVASR,XUOIQPFL,2599822
SUOYXCHP,HCDTGMST,10887
JPBRUTWP,RJGPVEXX,513789
KAGJCHMR,NAQIHUKZ,1
DNMPSKTB,EVBVXETX,4960604
FQCLOEXA,PYZMVUWD,1597
FRHNWLNI,XIPPENFQ,98547
LPHPPJUG,VMAQSTJE,16744
RJGPVEXX,UIFPPCLR,69912
AXULOHBQ,RJGPVEXX,514506
AANGBULD,DEWLVASR,335310
KAGJCHMR,ZKENOUDA,330506
XIPPENFQ,FCYBOAXC,97400981
QJQJSWFU,BEZYMBBT,3213127
SAHWCZNH,JSLXRQOK,1325
APQGTRMF,AANGBULD,471008
RCBZUSIM,BLANHGYY,7108
OXKURKXR,UGEQLMXM,100785
LUENUFGA,ZXERAXWP,31676
ZXERAXWP,BEZYMBBT,3289725
XIFHSOWQ,AXULOHBQ,69961
OXKURKXR,OGAFEHLU,2
AXULOHBQ,HCDTGMST,10798
OGAFEHLU,ZKENOUDA,344246
MIRCVAMV,VUAFAIYJ,739567
APQGTRMF,ZKENOUDA,335353
KFQSHBNH,UIFPPCLR,64218
FTSVTTSR,DEWLVASR,339070
SAHWCZNH,RAWUKQMJ,3736834
BLANHGYY,FQCLOEXA,1823264
JERHKLYW,BEZYMBBT,3264270
OKMBFVKS,UQYUIVVR,4565686
ZCELVYQU,ATLDMDBO,38540006
FCYBOAXC,QSDCUCLB,2
ZKENOUDA,QVLMOEYE,1042573
KAGJCHMR,ELQGMQWE,483602
LSOIUSXD,DNMPSKTB,5045191
KEUWZRKO,WQMVCOEM,12881
ZKENOUDA,OKMBFVKS,1806448
UGEQLMXM,KJNSOAHR,11407605
ZKENOUDA,VMAQSTJE,16858
ZKENOUDA,DNMPSKTB,5130278
ZKENOUDA,GYHKIVQT,15634810
DDEXPPXU,OKMBFVKS,1814489
BEZYMBBT,LPHPPJUG,1283523
APQGTRMF,FQCLOEXA,1843215
XIFHSOWQ,FRHNWLNI,821867
LSOIUSXD,FCYBOAXC,98038055
AXULOHBQ,ZGJXVMNI,2596064
RCBZUSIM,ZGJXVMNI,2598812
AXULOHBQ,FQCLOEXA,1847035
ZKENOUDA,OXKURKXR,106939
UGEQLMXM,FQCLOEXA,1860687
AXULOHBQ,LPHPPJUG,1277569
LUENUFGA,AXULOHBQ,69490
VWMBASNE,VUAFAIYJ,739084
LSOIUSXD,KJNSOAHR,11472164
OGAFEHLU,UQYUIVVR,4569378
QKXNTIIB,AHMDUILJ,93260
LPHPPJUG,SDWAYPIK,5275013
XUOIQPFL,ZXERAXWP,31322
BJALXPFS,RJGPVEXX,508998
OXKURKXR,ZKENOUDA,337531
DEWLVASR,RAWUKQMJ,3683990
ROACSLMG,XMKRPGLB,738042
ZKENOUDA,QRKRBYJL,2551612
NAQIHUKZ,DEWLVASR,333669
UGEQLMXM,LPHPPJUG,1268365
ZKENOUDA,UIFPPCLR,68006
ZKENOUDA,APQGTRMF,7113
KAGJCHMR,DEWLVASR,339300
AANGBULD,OKMBFVKS,1832119
AANGBULD,LSOIUSXD,136954
ZGJXVMNI,LUENUFGA,3685402
UGEQLMXM,ELQGMQWE,513904
AXULOHBQ,UXSPKBJR,394134
HCDTGMST,ATLDMDBO,38246982
AANGBULD,APQGTRMF,7159
AXULOHBQ,NZKBIBNU,220631
QJQJSWFU,AANGBULD,444808
LSOIUSXD,RJCAXSGH,4901468
LSOIUSXD,KFQSHBNH,9329822
ZKENOUDA,XUOIQPFL,2561326
DEWLVASR,QJQJSWFU,114712
BJALXPFS,ZGJXVMNI,2561383
UGEQLMXM,ZGJXVMNI,2590432
XIFHSOWQ,ZXERAXWP,31796
LSOIUSXD,ELQGMQWE,510901
ZKENOUDA,WBLJNPZQ,137222
XIIEJNEE,UGEQLMXM,100519
ZKENOUDA,SDWAYPIK,5284058
FDXPMYGF,AHMDUILJ,91478
OXKURKXR,RJCAXSGH,4898405
RCBZUSIM,LPHPPJUG,1287932
LSOIUSXD,CCLHWFWF,11623604
VMAQSTJE,WPQXWHYO,10053596
ZKENOUDA,UGEQLMXM,108306
PYZMVUWD,ZXERAXWP,30915
ZKENOUDA,BEZYMBBT,3306124
UGEQLMXM,DEWLVASR,345879
BJALXPFS,ZKENOUDA,341162
FDXPMYGF,WPQXWHYO,10082271
UGEQLMXM,ZKENOUDA,345729
OXKURKXR,DEWLVASR,342442
NAQIHUKZ,OKMBFVKS,1782813
LSOIUSXD,ZKENOUDA,339086
AXULOHBQ,WPQXWHYO,10122867
AXULOHBQ,EVBVXETX,4979826
AXULOHBQ,ZKENOUDA,341736
AANGBULD,UIFPPCLR,70438
PLMZALFA,RAWUKQMJ,3725967
AANGBULD,DNMPSKTB,5098468
RUVXNNVA,BEZYMBBT,3298070
AANGBULD,QVLMOEYE,1045668
AANGBULD,GYHKIVQT,15668608
AANGBULD,SDWAYPIK,5329837
LSOIUSXD,LRVGFDFM,5822522
LLHREMKS,BEZYMBBT,3264030
PYZMVUWD,KJNSOAHR,11385020
YSYHGLQK,OXKURKXR,106495
TANNMIMB,FRHNWLNI,807385
UXSPKBJR,DUCMGGNW,718099
OXKURKXR,KFQSHBNH,9328935
VMAQSTJE,EVBVXETX,4946115
AANGBULD,OXKURKXR,104836
JERHKLYW,LSOIUSXD,134691
AHMDUILJ,SAHWCZNH,1927605
ATLDMDBO,BEZYMBBT,3223321
UGEQLMXM,FCYBOAXC,97531204
JERHKLYW,RAWUKQMJ,3668456
FDXPMYGF,FQCLOEXA,1789278
UXSPKBJR,EVBVXETX,4901049
WQMVCOEM,ZGJXVMNI,2606224
AHMDUILJ,XUOIQPFL,2514680
HCDTGMST,DDEXPPXU,12487
OKMBFVKS,QRKRBYJL,2491612
ATLDMDBO,WQMVCOEM,13959
RAWUKQMJ,WBLJNPZQ,137088
WBLJNPZQ,DNMPSKTB,5071726
XUOIQPFL,VUAFAIYJ,734188
BJALXPFS,BSRMSVTC,193455
LPHPPJUG,PYZMVUWD,1543
JBVHSUWY,XUOIQPFL,2495335
DDEXPPXU,DEWLVASR,335794
OXKURKXR,LSOIUSXD,134219
UQYUIVVR,NAQIHUKZ,1
IGDVVKUD,JPBRUTWP,5365352
FRHNWLNI,ZGJXVMNI,2562075
OKMBFVKS,AANGBULD,410754
IGDVVKUD,OXKURKXR,106475
NAQIHUKZ,KFQSHBNH,9302644
XIFHSOWQ,RJGPVEXX,505741
RJCAXSGH,VMAQSTJE,15642
BJALXPFS,OKMBFVKS,1790783
JBVHSUWY,RJCAXSGH,4862806
WPQXWHYO,AHMDUILJ,90601
JPBRUTWP,AANGBULD,440090
JSLXRQOK,DEWLVASR,333582
WPQXWHYO,PYZMVUWD,1644
SAHWCZNH,ZXERAXWP,27097
KEUWZRKO,RAWUKQMJ,3662796
ZKENOUDA,JBVHSUWY,307589
